gene	start	stop	frame	contig	score	mmseqs_phrog	mmseqs_alnScore	mmseqs_seqIdentity	mmseqs_eVal	mmseqs_top_hit	pyhmmer_phrog	pyhmmer_bitscore	pyhmmer_evalue	custom_hmm_id	custom_hmm_bitscore	custom_hmm_evalue	phrog	Method	Region	color	annot	category	vfdb_hit	vfdb_alnScore	vfdb_seqIdentity	vfdb_eVal	vfdb_short_name	vfdb_description	vfdb_species	CARD_hit	CARD_alnScore	CARD_seqIdentity	CARD_eVal	CARD_species	ARO_Accession	CARD_short_name	Protein_Accession	DNA_Accession	AMR_Gene_Family	Drug_Class	Resistance_Mechanism	transl_table
POLZXXJO_CDS_0001	1	1767	+	NODE_1_length_39991_cov_33.346804	180.2	15524	224.0	0.674	9.162e-69	MG545917_p46	38	440.42981	3.1658058361141933e-131	No_custom_HMM	No_custom_HMM	No_custom_HMM	15524	Pyrodigal_3.4.1	CDS	#3e83f6	terminase large subunit	head and packaging	None	None	None	None	None	None	None	None	None	None	None	None	None	None	None	None	None	None	None	11
POLZXXJO_CDS_0002	2065	2223	+	NODE_1_length_39991_cov_33.346804	14.5	2193	70.0	0.653	6.144e-19	NC_023548_p57	2193	85.113121	5.463103013401895e-24	No_custom_HMM	No_custom_HMM	No_custom_HMM	2193	Pyrodigal_3.4.1	CDS	#c9c9c9	hypothetical protein	unknown function	None	None	None	None	None	None	None	None	None	None	None	None	None	None	None	None	None	None	None	11
POLZXXJO_CDS_0003	3356	3739	+	NODE_1_length_39991_cov_33.346804	56.2	2568	113.0	0.501	5.889e-32	NC_023007_p18	2568	163.269958	9.680048925153727e-48	No_custom_HMM	No_custom_HMM	No_custom_HMM	2568	Pyrodigal_3.4.1	CDS	#ff59f5	ocr-like anti-restriction	moron, auxiliary metabolic gene and host takeover	None	None	None	None	None	None	None	None	None	None	None	None	None	None	None	None	None	None	None	11
POLZXXJO_CDS_0004	3739	3906	+	NODE_1_length_39991_cov_33.346804	4.9	5058	73.0	0.599	8.105000000000001e-20	KY652723_p2	5058	92.715096	2.122742145524699e-26	No_custom_HMM	No_custom_HMM	No_custom_HMM	5058	Pyrodigal_3.4.1	CDS	#c9c9c9	hypothetical protein	unknown function	None	None	None	None	None	None	None	None	None	None	None	None	None	None	None	None	None	None	None	11
POLZXXJO_CDS_0005	3896	4069	+	NODE_1_length_39991_cov_33.346804	0.3	14219	39.0	0.487	3.467e-08	MF327005_p120	14219	33.259125	6.826952332454311e-08	No_custom_HMM	No_custom_HMM	No_custom_HMM	14219	Pyrodigal_3.4.1	CDS	#c9c9c9	hypothetical protein	unknown function	None	None	None	None	None	None	None	None	None	None	None	None	None	None	None	None	None	None	None	11
POLZXXJO_CDS_0006	4137	4304	+	NODE_1_length_39991_cov_33.346804	17.0	No_PHROG	No_PHROG	No_PHROG	No_PHROG	No_PHROG	No_PHROGs_HMM	No_PHROGs_HMM	No_PHROGs_HMM	No_custom_HMM	No_custom_HMM	No_custom_HMM	No_PHROG	Pyrodigal_3.4.1	CDS	None	hypothetical protein	unknown function	None	None	None	None	None	None	None	None	None	None	None	None	None	None	None	None	None	None	None	11
POLZXXJO_CDS_0007	4307	4504	+	NODE_1_length_39991_cov_33.346804	3.3	2385	91.0	0.742	3.3980000000000004e-26	NC_011042_p4	2385	105.51442	2.4610320591950648e-30	No_custom_HMM	No_custom_HMM	No_custom_HMM	2385	Pyrodigal_3.4.1	CDS	#c9c9c9	hypothetical protein	unknown function	None	None	None	None	None	None	None	None	None	None	None	None	None	None	None	None	None	None	None	11
POLZXXJO_CDS_0008	4504	5061	+	NODE_1_length_39991_cov_33.346804	68.1	No_PHROG	No_PHROG	No_PHROG	No_PHROG	No_PHROG	No_PHROGs_HMM	No_PHROGs_HMM	No_PHROGs_HMM	No_custom_HMM	No_custom_HMM	No_custom_HMM	No_PHROG	Pyrodigal_3.4.1	CDS	None	hypothetical protein	unknown function	None	None	None	None	None	None	None	None	None	None	None	None	None	None	None	None	None	None	None	11
POLZXXJO_CDS_0009	5118	5444	+	NODE_1_length_39991_cov_33.346804	27.3	7066	195.0	0.861	1.914e-61	NC_031937_p6	7066	148.61055	9.551762508728964e-44	No_custom_HMM	No_custom_HMM	No_custom_HMM	7066	Pyrodigal_3.4.1	CDS	#c9c9c9	hypothetical protein	unknown function	None	None	None	None	None	None	None	None	None	None	None	None	None	None	None	None	None	None	None	11
POLZXXJO_CDS_0010	5542	8223	+	NODE_1_length_39991_cov_33.346804	255.4	2166	781.0	0.702	4.587e-255	LC063634_p32	414	1057.144775	0.0	No_custom_HMM	No_custom_HMM	No_custom_HMM	2166	Pyrodigal_3.4.1	CDS	#ffdf59	N4-like RNA polymerase	DNA, RNA and nucleotide metabolism	None	None	None	None	None	None	None	None	None	None	None	None	None	None	None	None	None	None	None	11
POLZXXJO_CDS_0011	8236	8436	+	NODE_1_length_39991_cov_33.346804	30.3	8082	145.0	1.0	8.691999999999999e-45	NC_011042_p8	8082	139.782913	4.3637995435089653e-41	No_custom_HMM	No_custom_HMM	No_custom_HMM	8082	Pyrodigal_3.4.1	CDS	#c9c9c9	hypothetical protein	unknown function	None	None	None	None	None	None	None	None	None	None	None	None	None	None	None	None	None	None	None	11
POLZXXJO_CDS_0012	8605	8784	+	NODE_1_length_39991_cov_33.346804	25.7	4383	135.0	1.0	1.7809999999999997e-41	NC_031123_p10	4383	137.70874	1.5037585315329195e-40	No_custom_HMM	No_custom_HMM	No_custom_HMM	4383	Pyrodigal_3.4.1	CDS	#c9c9c9	hypothetical protein	unknown function	None	None	None	None	None	None	None	None	None	None	None	None	None	None	None	None	None	None	None	11
POLZXXJO_CDS_0013	8788	9036	+	NODE_1_length_39991_cov_33.346804	11.8	6515	149.0	0.853	6.665000000000001e-46	NC_011042_p11	6515	122.532562	1.3354683029048899e-35	No_custom_HMM	No_custom_HMM	No_custom_HMM	6515	Pyrodigal_3.4.1	CDS	#838383	dGTPase inhibitor	other	None	None	None	None	None	None	None	None	None	None	None	None	None	None	None	None	None	None	None	11
POLZXXJO_CDS_0014	9036	10139	+	NODE_1_length_39991_cov_33.346804	112.1	30362	149.0	0.517	1.438e-44	NC_028836_p23	114	282.995789	1.026117551198346e-83	No_custom_HMM	No_custom_HMM	No_custom_HMM	30362	Pyrodigal_3.4.1	CDS	#ffdf59	DNA ligase	DNA, RNA and nucleotide metabolism	None	None	None	None	None	None	None	None	None	None	None	None	None	None	None	None	None	None	None	11
POLZXXJO_CDS_0015	10191	10925	+	NODE_1_length_39991_cov_33.346804	41.9	757	200.0	0.555	6.598e-61	KX495186_p170	757	294.665039	8.105900087603267e-88	No_custom_HMM	No_custom_HMM	No_custom_HMM	757	Pyrodigal_3.4.1	CDS	#838383	DNA methyltransferase	other	None	None	None	None	None	None	None	None	None	None	None	None	None	None	None	None	None	None	None	11
POLZXXJO_CDS_0016	11085	11345	+	NODE_1_length_39991_cov_33.346804	39.3	1777	140.0	0.782	1.1770000000000001e-42	KY295894_p19	1777	113.827477	7.130975251114475e-33	No_custom_HMM	No_custom_HMM	No_custom_HMM	1777	Pyrodigal_3.4.1	CDS	#c9c9c9	hypothetical protein	unknown function	None	None	None	None	None	None	None	None	None	None	None	None	None	None	None	None	None	None	None	11
POLZXXJO_CDS_0017	11338	11661	+	NODE_1_length_39991_cov_33.346804	31.5	2585	146.0	0.876	8.333e-43	NC_031115_p18	2585	168.184448	4.494692677394337e-49	No_custom_HMM	No_custom_HMM	No_custom_HMM	2585	Pyrodigal_3.4.1	CDS	#838383	nucleotide kinase	other	None	None	None	None	None	None	None	None	None	None	None	None	None	None	None	None	None	None	None	11
POLZXXJO_CDS_0018	11837	11995	+	NODE_1_length_39991_cov_33.346804	28.9	1307	65.0	0.689	2.69e-17	KY652724_p16	1307	83.693504	1.2650254691457352e-23	No_custom_HMM	No_custom_HMM	No_custom_HMM	1307	Pyrodigal_3.4.1	CDS	#ffdf59	RNA polymerase inhibitor	DNA, RNA and nucleotide metabolism	None	None	None	None	None	None	None	None	None	None	None	None	None	None	None	None	None	None	None	11
POLZXXJO_CDS_0019	12053	12751	+	NODE_1_length_39991_cov_33.346804	93.2	112	83.0	0.289	2.509e-21	MF768469_p20	112	146.21701	2.8088498230475224e-42	No_custom_HMM	No_custom_HMM	No_custom_HMM	112	Pyrodigal_3.4.1	CDS	#ffdf59	Gp2.5-like ssDNA binding protein and ssDNA annealing protein	DNA, RNA and nucleotide metabolism	None	None	None	None	None	None	None	None	None	None	None	None	None	None	None	None	None	None	None	11
POLZXXJO_CDS_0020	12751	13203	+	NODE_1_length_39991_cov_33.346804	22.2	945	246.0	0.793	4.081e-78	MG488277_p20	945	207.650986	1.2380811374483882e-61	No_custom_HMM	No_custom_HMM	No_custom_HMM	945	Pyrodigal_3.4.1	CDS	#ffdf59	endonuclease	DNA, RNA and nucleotide metabolism	None	None	None	None	None	None	None	None	None	None	None	None	None	None	None	None	None	None	None	11
POLZXXJO_CDS_0021	13200	13625	+	NODE_1_length_39991_cov_33.346804	56.6	16385	195.0	1.0	1.8049999999999998e-60	KY962008_p15	16385	171.16246	4.2195397086109683e-50	No_custom_HMM	No_custom_HMM	No_custom_HMM	16385	Pyrodigal_3.4.1	CDS	#c9c9c9	hypothetical protein	unknown function	None	None	None	None	None	None	None	None	None	None	None	None	None	None	None	None	None	None	None	11
POLZXXJO_CDS_0022	13615	14064	+	NODE_1_length_39991_cov_33.346804	8.3	1872	94.0	0.501	3.921e-26	MF185718_p114	59	128.165451	1.0754715302726494e-36	No_custom_HMM	No_custom_HMM	No_custom_HMM	1872	Pyrodigal_3.4.1	CDS	#ffdf59	endonuclease	DNA, RNA and nucleotide metabolism	None	None	None	None	None	None	None	None	None	None	None	None	None	None	None	None	None	None	None	11
POLZXXJO_CDS_0023	14064	14522	+	NODE_1_length_39991_cov_33.346804	38.9	822	233.0	0.749	2.924e-72	NC_017980_p11	822	261.94458	8.816213068360331e-78	No_custom_HMM	No_custom_HMM	No_custom_HMM	822	Pyrodigal_3.4.1	CDS	#f35f49	amidase	lysis	None	None	None	None	None	None	None	None	None	None	None	None	None	None	None	None	None	None	None	11
POLZXXJO_CDS_0024	14593	16293	+	NODE_1_length_39991_cov_33.346804	169.4	239	279.0	0.357	4.444e-83	NC_031029_p115	239	770.600525	6.109592224375606e-231	No_custom_HMM	No_custom_HMM	No_custom_HMM	239	Pyrodigal_3.4.1	CDS	#ffdf59	DNA primase/helicase	DNA, RNA and nucleotide metabolism	None	None	None	None	None	None	None	None	None	None	None	None	None	None	None	None	None	None	None	11
POLZXXJO_CDS_0025	16338	16502	+	NODE_1_length_39991_cov_33.346804	2.5	13039	113.0	0.986	8.209e-34	NC_023548_p27	13039	116.528183	7.671874785768047e-34	No_custom_HMM	No_custom_HMM	No_custom_HMM	13039	Pyrodigal_3.4.1	CDS	#c9c9c9	hypothetical protein	unknown function	None	None	None	None	None	None	None	None	None	None	None	None	None	None	None	None	None	None	None	11
POLZXXJO_CDS_0026	16574	18745	+	NODE_1_length_39991_cov_33.346804	225.6	15971	359.0	0.488	3.648e-112	NC_006882_p18	17	530.787781	1.9512234944864373e-158	No_custom_HMM	No_custom_HMM	No_custom_HMM	15971	Pyrodigal_3.4.1	CDS	#ffdf59	DNA polymerase I	DNA, RNA and nucleotide metabolism	None	None	None	None	None	None	None	None	None	None	None	None	None	None	None	None	None	None	None	11
POLZXXJO_CDS_0027	18745	19029	+	NODE_1_length_39991_cov_33.346804	49.8	1452	74.0	0.419	2.316e-19	KY962008_p21	1452	76.75383	3.4314066326876605e-21	No_custom_HMM	No_custom_HMM	No_custom_HMM	1452	Pyrodigal_3.4.1	CDS	#ff59f5	Gp5.5-like host HNS inhibition	moron, auxiliary metabolic gene and host takeover	None	None	None	None	None	None	None	None	None	None	None	None	None	None	None	None	None	None	None	11
POLZXXJO_CDS_0028	19026	19235	+	NODE_1_length_39991_cov_33.346804	3.3	17900	174.0	1.0	6.159999999999999e-53	NC_023576_p25	17900	157.892029	4.748038997354054e-46	No_custom_HMM	No_custom_HMM	No_custom_HMM	17900	Pyrodigal_3.4.1	CDS	#c9c9c9	hypothetical protein	unknown function	None	None	None	None	None	None	None	None	None	None	None	None	None	None	None	None	None	None	None	11
POLZXXJO_CDS_0029	19232	19681	+	NODE_1_length_39991_cov_33.346804	53.2	4382	194.0	0.746	8.913999999999999e-61	MG835568_p25	4382	157.581039	3.59951846339003e-46	No_custom_HMM	No_custom_HMM	No_custom_HMM	4382	Pyrodigal_3.4.1	CDS	#c9c9c9	hypothetical protein	unknown function	None	None	None	None	None	None	None	None	None	None	None	None	None	None	None	None	None	None	None	11
POLZXXJO_CDS_0030	19671	20540	+	NODE_1_length_39991_cov_33.346804	113.3	107	156.0	0.351	9.973999999999999e-45	NC_019402_p42	107	271.441589	4.0185893348245124e-80	No_custom_HMM	No_custom_HMM	No_custom_HMM	107	Pyrodigal_3.4.1	CDS	#ffdf59	exonuclease	DNA, RNA and nucleotide metabolism	None	None	None	None	None	None	None	None	None	None	None	None	None	None	None	None	None	None	None	11
POLZXXJO_CDS_0031	20751	21023	+	NODE_1_length_39991_cov_33.346804	48.3	1447	98.0	0.639	4.328e-28	HQ641343_p28	1447	106.007637	1.4079902989902357e-30	No_custom_HMM	No_custom_HMM	No_custom_HMM	1447	Pyrodigal_3.4.1	CDS	#c9c9c9	hypothetical protein	unknown function	None	None	None	None	None	None	None	None	None	None	None	None	None	None	None	None	None	None	None	11
POLZXXJO_CDS_0032	21038	21262	+	NODE_1_length_39991_cov_33.346804	23.7	1391	87.0	0.594	1.738e-24	NC_031123_p32	1391	86.169044	4.19754525983358e-24	No_custom_HMM	No_custom_HMM	No_custom_HMM	1391	Pyrodigal_3.4.1	CDS	#c9c9c9	hypothetical protein	unknown function	None	None	None	None	None	None	None	None	None	None	None	None	None	None	None	None	None	None	None	11
POLZXXJO_CDS_0033	21303	21689	+	NODE_1_length_39991_cov_33.346804	25.5	2746	168.0	0.655	1.8359999999999998e-51	NC_031123_p33	2746	156.690598	6.9093319704822944e-46	No_custom_HMM	No_custom_HMM	No_custom_HMM	2746	Pyrodigal_3.4.1	CDS	#ff59f5	host range and adsorption protein	moron, auxiliary metabolic gene and host takeover	None	None	None	None	None	None	None	None	None	None	None	None	None	None	None	None	None	None	None	11
POLZXXJO_CDS_0034	21682	21816	+	NODE_1_length_39991_cov_33.346804	7.1	1320	46.0	0.588	4.126e-10	NC_031943_p36	1320	31.962313	4.389804587736972e-07	No_custom_HMM	No_custom_HMM	No_custom_HMM	1320	Pyrodigal_3.4.1	CDS	#ff59f5	host range and adsorption protein	moron, auxiliary metabolic gene and host takeover	None	None	None	None	None	None	None	None	None	None	None	None	None	None	None	None	None	None	None	11
POLZXXJO_CDS_0035	21758	22060	+	NODE_1_length_39991_cov_33.346804	20.0	1320	79.0	0.503	1.995e-21	NC_031943_p36	1320	86.60688	3.930471605248798e-24	No_custom_HMM	No_custom_HMM	No_custom_HMM	1320	Pyrodigal_3.4.1	CDS	#ff59f5	host range and adsorption protein	moron, auxiliary metabolic gene and host takeover	None	None	None	None	None	None	None	None	None	None	None	None	None	None	None	None	None	None	None	11
POLZXXJO_CDS_0036	22073	23641	+	NODE_1_length_39991_cov_33.346804	172.7	449	544.0	0.575	2.102e-174	KM576124_p42	449	692.433411	6.382359454565145e-208	No_custom_HMM	No_custom_HMM	No_custom_HMM	449	Pyrodigal_3.4.1	CDS	#35d7ff	head-tail adaptor	connector	None	None	None	None	None	None	None	None	None	None	None	None	None	None	None	None	None	None	None	11
POLZXXJO_CDS_0037	23757	24641	+	NODE_1_length_39991_cov_33.346804	142.8	1052	295.0	0.53	2.418e-92	NC_031123_p35	1052	321.38916	1.4856010186650472e-95	No_custom_HMM	No_custom_HMM	No_custom_HMM	1052	Pyrodigal_3.4.1	CDS	#3e83f6	head assembly	head and packaging	None	None	None	None	None	None	None	None	None	None	None	None	None	None	None	None	None	None	None	11
POLZXXJO_CDS_0038	24768	25811	+	NODE_1_length_39991_cov_33.346804	160.9	267	351.0	0.541	6.734e-111	NC_031123_p36	267	343.809387	3.028727110957762e-102	No_custom_HMM	No_custom_HMM	No_custom_HMM	267	Pyrodigal_3.4.1	CDS	#3e83f6	major head protein	head and packaging	None	None	None	None	None	None	None	None	None	None	None	None	None	None	None	None	None	None	None	11
POLZXXJO_CDS_0039	26006	26572	+	NODE_1_length_39991_cov_33.346804	63.5	446	202.0	0.571	4.929e-62	NC_004777_p36	446	232.952667	5.895882518496754e-69	No_custom_HMM	No_custom_HMM	No_custom_HMM	446	Pyrodigal_3.4.1	CDS	#07e9a2	tail protein	tail	None	None	None	None	None	None	None	None	None	None	None	None	None	None	None	None	None	None	None	11
POLZXXJO_CDS_0040	26572	26799	+	NODE_1_length_39991_cov_33.346804	27.6	986	93.0	0.552	2.917e-26	KX828710_p14	986	119.378235	4.343727162186914e-34	No_custom_HMM	No_custom_HMM	No_custom_HMM	986	Pyrodigal_3.4.1	CDS	#ffdf59	RNA-binding protein	DNA, RNA and nucleotide metabolism	None	None	None	None	None	None	None	None	None	None	None	None	None	None	None	None	None	None	None	11
POLZXXJO_CDS_0041	26809	29166	+	NODE_1_length_39991_cov_33.346804	205.9	457	620.0	0.389	2.683e-193	NC_020874_p22	457	940.954712	1.41739372081293e-282	No_custom_HMM	No_custom_HMM	No_custom_HMM	457	Pyrodigal_3.4.1	CDS	#07e9a2	tail protein	tail	None	None	None	None	None	None	None	None	None	None	None	None	None	None	None	None	None	None	None	11
POLZXXJO_CDS_0042	29253	29726	+	NODE_1_length_39991_cov_33.346804	40.0	308	143.0	0.517	1.3020000000000001e-42	KY798121_p39	308	151.869797	2.9483064745464945e-44	No_custom_HMM	No_custom_HMM	No_custom_HMM	308	Pyrodigal_3.4.1	CDS	#3e83f6	internal virion protein	head and packaging	None	None	None	None	None	None	None	None	None	None	None	None	None	None	None	None	None	None	None	11
POLZXXJO_CDS_0043	29710	30297	+	NODE_1_length_39991_cov_33.346804	69.4	805	167.0	0.468	6.638e-50	MG957431_p3	805	214.461426	2.692266423317894e-63	No_custom_HMM	No_custom_HMM	No_custom_HMM	805	Pyrodigal_3.4.1	CDS	#3e83f6	internal virion protein	head and packaging	None	None	None	None	None	None	None	None	None	None	None	None	None	None	None	None	None	None	None	11
POLZXXJO_CDS_0044	30309	32591	+	NODE_1_length_39991_cov_33.346804	276.2	1339	990.0	0.677	0.0	NC_028880_p37	1339	1080.528809	0.0	No_custom_HMM	No_custom_HMM	No_custom_HMM	1339	Pyrodigal_3.4.1	CDS	#3e83f6	internal virion protein	head and packaging	None	None	None	None	None	None	None	None	None	None	None	None	None	None	None	None	None	None	None	11
POLZXXJO_CDS_0045	32596	36492	+	NODE_1_length_39991_cov_33.346804	468.2	342	986.0	0.434	0.0	NC_028880_p38	342	1040.390625	0.0	No_custom_HMM	No_custom_HMM	No_custom_HMM	342	Pyrodigal_3.4.1	CDS	#3e83f6	internal virion protein with endolysin domain	head and packaging	None	None	None	None	None	None	None	None	None	None	None	None	None	None	None	None	None	None	None	11
POLZXXJO_CDS_0046	36552	38522	+	NODE_1_length_39991_cov_33.346804	167.5	8875	328.0	0.425	5.334e-99	NC_011976_p19	8875	722.118713	1.2747199491079339e-216	No_custom_HMM	No_custom_HMM	No_custom_HMM	8875	Pyrodigal_3.4.1	CDS	#07e9a2	tail fiber protein	tail	None	None	None	None	None	None	None	None	None	None	None	None	None	None	None	None	None	None	None	11
POLZXXJO_CDS_0047	38560	38754	+	NODE_1_length_39991_cov_33.346804	25.7	920	91.0	0.739	5.1570000000000007e-26	NC_028880_p40	920	91.450829	3.653947877173901e-26	No_custom_HMM	No_custom_HMM	No_custom_HMM	920	Pyrodigal_3.4.1	CDS	#f35f49	holin	lysis	None	None	None	None	None	None	None	None	None	None	None	None	None	None	None	None	None	None	None	11
POLZXXJO_CDS_0048	38751	39014	+	NODE_1_length_39991_cov_33.346804	38.7	1351	114.0	0.641	1.473e-33	NC_028880_p41	1351	119.182755	1.4965128325111208e-34	No_custom_HMM	No_custom_HMM	No_custom_HMM	1351	Pyrodigal_3.4.1	CDS	#3e83f6	terminase small subunit	head and packaging	None	None	None	None	None	None	None	None	None	None	None	None	None	None	None	None	None	None	None	11
POLZXXJO_CDS_0049	39119	39562	+	NODE_1_length_39991_cov_33.346804	38.0	1327	138.0	0.427	3.521e-40	KY000219_p64	1327	192.63356	7.333552970064625e-57	No_custom_HMM	No_custom_HMM	No_custom_HMM	1327	Pyrodigal_3.4.1	CDS	#f35f49	Rz-like spanin	lysis	None	None	None	None	None	None	None	None	None	None	None	None	None	None	None	None	None	None	None	11
POLZXXJO_CDS_0050	39562	39990	+	NODE_1_length_39991_cov_33.346804	37.2	99	99.0	0.405	4.844e-27	KY385423_p40	99	156.772217	2.531920599545915e-45	No_custom_HMM	No_custom_HMM	No_custom_HMM	99	Pyrodigal_3.4.1	CDS	#ffdf59	HNH endonuclease	DNA, RNA and nucleotide metabolism	None	None	None	None	None	None	None	None	None	None	None	None	None	None	None	None	None	None	None	11
POLZXXJO_CDS_0051	1	684	+	NODE_2_length_1403_cov_1.229624	114.0	37032	242.0	1.0	9.803e-78	p66454 VI_07049	37032	242.071503	9.891505450385998e-73	No_custom_HMM	No_custom_HMM	No_custom_HMM	37032	Pyrodigal_3.4.1	CDS	#c9c9c9	hypothetical protein	unknown function	None	None	None	None	None	None	None	None	None	None	None	None	None	None	None	None	None	None	None	11
POLZXXJO_CDS_0052	1035	1223	+	NODE_2_length_1403_cov_1.229624	19.7	2394	151.0	1.0	3.4709999999999997e-47	p66457 VI_07049	2394	157.508163	1.3284828948603001e-46	No_custom_HMM	No_custom_HMM	No_custom_HMM	2394	Pyrodigal_3.4.1	CDS	#838383	Kil protein for bacterial septation inhibition	other	None	None	None	None	None	None	None	None	None	None	None	None	None	None	None	None	None	None	None	11
POLZXXJO_CDS_0053	1213	1356	+	NODE_2_length_1403_cov_1.229624	22.1	2445	110.0	1.0	3.274e-33	p66458 VI_07049	2445	117.249374	4.548562604348339e-34	No_custom_HMM	No_custom_HMM	No_custom_HMM	2445	Pyrodigal_3.4.1	CDS	#ffdf59	Erf recombination cofactor Arf	DNA, RNA and nucleotide metabolism	None	None	None	None	None	None	None	None	None	None	None	None	None	None	None	None	None	None	None	11
POLZXXJO_CDS_0054	2	1018	+	NODE_3_length_1019_cov_1.651345	123.2	14911	567.0	0.84	2.522e-182	p361292 VI_09631	14911	350.062866	3.211270186482628e-104	No_custom_HMM	No_custom_HMM	No_custom_HMM	14911	Pyrodigal_3.4.1	CDS	#c9c9c9	hypothetical protein	unknown function	None	None	None	None	None	None	None	None	None	None	None	None	None	None	None	None	None	None	None	11
POLZXXJO_CDS_0055	1	282	+	NODE_4_length_995_cov_2.571429	19.7	No_PHROG	No_PHROG	No_PHROG	No_PHROG	No_PHROG	No_PHROGs_HMM	No_PHROGs_HMM	No_PHROGs_HMM	No_custom_HMM	No_custom_HMM	No_custom_HMM	No_PHROG	Pyrodigal_3.4.1	CDS	None	hypothetical protein	unknown function	None	None	None	None	None	None	None	None	None	None	None	None	None	None	None	None	None	None	None	11
POLZXXJO_CDS_0056	461	994	+	NODE_4_length_995_cov_2.571429	57.6	8280	259.0	0.988	6.112e-81	p352946 VI_09618	8280	309.662781	1.7529668636500923e-91	No_custom_HMM	No_custom_HMM	No_custom_HMM	8280	Pyrodigal_3.4.1	CDS	#07e9a2	tail spike protein with colonic acid degradation activity	tail	None	None	None	None	None	None	None	None	None	None	None	None	None	None	None	None	None	None	None	11
POLZXXJO_CDS_0057	2	271	+	NODE_5_length_858_cov_1.577291	13.1	578	62.0	0.474	8.138e-13	p309470 VI_09305	578	118.924316	4.066502635810028e-34	No_custom_HMM	No_custom_HMM	No_custom_HMM	578	Pyrodigal_3.4.1	CDS	#35d7ff	head closure Hc3	connector	None	None	None	None	None	None	None	None	None	None	None	None	None	None	None	None	None	None	None	11
POLZXXJO_CDS_0058	275	856	+	NODE_5_length_858_cov_1.577291	64.6	1219	335.0	0.833	5.487e-108	p327187 VI_07660	1219	351.967163	3.221493490565801e-105	No_custom_HMM	No_custom_HMM	No_custom_HMM	1219	Pyrodigal_3.4.1	CDS	#07e9a2	tail needle protein	tail	None	None	None	None	None	None	None	None	None	None	None	None	None	None	None	None	None	None	None	11
POLZXXJO_CDS_0059	1	831	+	NODE_6_length_833_cov_1.022663	69.7	5902	123.0	0.357	2.118e-32	p7962 VI_07028	5902	126.691544	2.5238386310209176e-36	No_custom_HMM	No_custom_HMM	No_custom_HMM	5902	Pyrodigal_3.4.1	CDS	#c9c9c9	hypothetical protein	unknown function	None	None	None	None	None	None	None	None	None	None	None	None	None	None	None	None	None	None	None	11
POLZXXJO_CDS_0060	3	170	+	NODE_7_length_675_cov_1.266423	9.5	3556	76.0	0.701	1.148e-19	p303487 VI_11355	3556	74.380524	1.5705286530421583e-20	No_custom_HMM	No_custom_HMM	No_custom_HMM	3556	Pyrodigal_3.4.1	CDS	#c9c9c9	hypothetical protein	unknown function	None	None	None	None	None	None	None	None	None	None	None	None	None	None	None	None	None	None	None	11
POLZXXJO_CDS_0061	241	663	+	NODE_7_length_675_cov_1.266423	38.1	No_PHROG	No_PHROG	No_PHROG	No_PHROG	No_PHROG	No_PHROGs_HMM	No_PHROGs_HMM	No_PHROGs_HMM	No_custom_HMM	No_custom_HMM	No_custom_HMM	No_PHROG	Pyrodigal_3.4.1	CDS	None	hypothetical protein	unknown function	None	None	None	None	None	None	None	None	None	None	None	None	None	None	None	None	None	None	None	11
POLZXXJO_CDS_0062	288	1	-	NODE_8_length_656_cov_1.310019	17.0	12986	149.0	0.753	5.357e-45	p416948 VI_11985	171	156.898254	2.5956443003012516e-45	No_custom_HMM	No_custom_HMM	No_custom_HMM	12986	Pyrodigal_3.4.1	CDS	#c9c9c9	hypothetical protein	unknown function	None	None	None	None	None	None	None	None	None	None	None	None	None	None	None	None	None	None	None	11
POLZXXJO_CDS_0063	457	281	-	NODE_8_length_656_cov_1.310019	1.3	672	131.0	1.0	4.404e-40	p64667 VI_08735	672	126.999001	2.9288196554131224e-37	No_custom_HMM	No_custom_HMM	No_custom_HMM	672	Pyrodigal_3.4.1	CDS	#c9c9c9	hypothetical protein	unknown function	None	None	None	None	None	None	None	None	None	None	None	None	None	None	None	None	None	None	None	11
POLZXXJO_CDS_0064	656	450	-	NODE_8_length_656_cov_1.310019	6.7	444	84.0	0.585	1.41e-22	p289930 VI_06693	444	94.800667	8.007319314139757e-27	No_custom_HMM	No_custom_HMM	No_custom_HMM	444	Pyrodigal_3.4.1	CDS	#c9c9c9	hypothetical protein	unknown function	None	None	None	None	None	None	None	None	None	None	None	None	None	None	None	None	None	None	None	11
POLZXXJO_CDS_0065	637	2	-	NODE_9_length_650_cov_1.395793	65.9	524	200.0	0.585	1.84e-61	p282499 VI_07285	524	227.610992	6.867668075783218e-67	No_custom_HMM	No_custom_HMM	No_custom_HMM	524	Pyrodigal_3.4.1	CDS	#a861e3	anti-repressor Ant	transcription regulation	None	None	None	None	None	None	None	None	None	None	None	None	None	None	None	None	None	None	None	11
POLZXXJO_CDS_0066	1	195	+	NODE_10_length_624_cov_1.615694	18.7	887	42.0	0.452	4.95e-07	NC_004086_p13	887	36.3671	5.797764468414978e-09	No_custom_HMM	No_custom_HMM	No_custom_HMM	887	Pyrodigal_3.4.1	CDS	#ff59f5	queuine tRNA-ribosyltransferase	moron, auxiliary metabolic gene and host takeover	None	None	None	None	None	None	None	None	None	None	None	None	None	None	None	None	None	None	None	11
POLZXXJO_CDS_0067	195	425	+	NODE_10_length_624_cov_1.615694	5.5	38388	149.0	0.922	4.48e-46	NC_028831_p74	38388	145.136078	8.424015519271727e-43	No_custom_HMM	No_custom_HMM	No_custom_HMM	38388	Pyrodigal_3.4.1	CDS	#c9c9c9	hypothetical protein	unknown function	None	None	None	None	None	None	None	None	None	None	None	None	None	None	None	None	None	None	None	11
POLZXXJO_CDS_0068	425	622	+	NODE_10_length_624_cov_1.615694	32.7	No_PHROG	No_PHROG	No_PHROG	No_PHROG	No_PHROG	947	53.512161	3.556093920842971e-14	No_custom_HMM	No_custom_HMM	No_custom_HMM	947	Pyrodigal_3.4.1	CDS	#ffdf59	DNA polymerase processivity factor	DNA, RNA and nucleotide metabolism	None	None	None	None	None	None	None	None	None	None	None	None	None	None	None	None	None	None	None	11
POLZXXJO_CDS_0069	1	483	+	NODE_11_length_615_cov_2.202869	40.8	30463	36.0	0.903	2.276e-06	KR296687_p19	2	32.40765	8.386355483367827e-08	No_custom_HMM	No_custom_HMM	No_custom_HMM	30463	Pyrodigal_3.4.1	CDS	#c9c9c9	hypothetical protein	unknown function	None	None	None	None	None	None	None	None	None	None	None	None	None	None	None	None	None	None	None	11
POLZXXJO_CDS_0070	483	614	+	NODE_11_length_615_cov_2.202869	-3.9	14911	72.0	0.788	9.442e-16	p361292 VI_09631	14911	51.081776	1.9718929893545078e-13	No_custom_HMM	No_custom_HMM	No_custom_HMM	14911	Pyrodigal_3.4.1	CDS	#c9c9c9	hypothetical protein	unknown function	None	None	None	None	None	None	None	None	None	None	None	None	None	None	None	None	None	None	None	11
POLZXXJO_CDS_0071	95	373	+	NODE_12_length_571_cov_1.211712	38.6	3638	79.0	0.618	9.485999999999999e-22	p61476 VI_02766	191	127.25808	5.458857933865774e-37	No_custom_HMM	No_custom_HMM	No_custom_HMM	3638	Pyrodigal_3.4.1	CDS	#a861e3	CII-like transcriptional activator	transcription regulation	None	None	None	None	None	None	None	None	None	None	None	None	None	None	None	None	None	None	None	11
POLZXXJO_CDS_0072	396	1	-	NODE_13_length_563_cov_0.795872	53.4	598	157.0	0.626	2.991e-46	p309468 VI_09305	598	195.709351	1.8618918629342956e-57	No_custom_HMM	No_custom_HMM	No_custom_HMM	598	Pyrodigal_3.4.1	CDS	#ffdf59	DNA ejection	DNA, RNA and nucleotide metabolism	None	None	None	None	None	None	None	None	None	None	None	None	None	None	None	None	None	None	None	11
POLZXXJO_CDS_0073	563	399	-	NODE_13_length_563_cov_0.795872	9.0	651	90.0	0.788	5.9209999999999996e-24	p176607 VI_01366	651	84.041275	1.8041054313512717e-23	No_custom_HMM	No_custom_HMM	No_custom_HMM	651	Pyrodigal_3.4.1	CDS	#3e83f6	head morphogenesis	head and packaging	None	None	None	None	None	None	None	None	None	None	None	None	None	None	None	None	None	None	None	11
POLZXXJO_CDS_0074	63	1	-	NODE_14_length_555_cov_0.649533	19.4	No_PHROG	No_PHROG	No_PHROG	No_PHROG	No_PHROG	No_PHROGs_HMM	No_PHROGs_HMM	No_PHROGs_HMM	No_custom_HMM	No_custom_HMM	No_custom_HMM	No_PHROG	Pyrodigal_3.4.1	CDS	None	hypothetical protein	unknown function	None	None	None	None	None	None	None	None	None	None	None	None	None	None	None	None	None	None	None	11
POLZXXJO_CDS_0075	247	44	-	NODE_14_length_555_cov_0.649533	1.2	268	98.0	0.754	2.014e-28	p434099 VI_06793	268	94.52684	7.34721883814503e-27	No_custom_HMM	No_custom_HMM	No_custom_HMM	268	Pyrodigal_3.4.1	CDS	#c9c9c9	hypothetical protein	unknown function	None	None	None	None	None	None	None	None	None	None	None	None	None	None	None	None	None	None	None	11
POLZXXJO_CDS_0076	554	465	-	NODE_14_length_555_cov_0.649533	3.3	4916	55.0	0.929	2.766e-13	p164019 VI_07616	4916	44.276371	2.287558048849604e-11	No_custom_HMM	No_custom_HMM	No_custom_HMM	4916	Pyrodigal_3.4.1	CDS	#c9c9c9	hypothetical protein	unknown function	None	None	None	None	None	None	None	None	None	None	None	None	None	None	None	None	None	None	None	11
POLZXXJO_CDS_0077	3	542	+	NODE_15_length_543_cov_0.757212	68.4	2335	46.0	0.588	2.325e-07	p247749 VI_04302	2335	64.05146	1.3464044137865407e-17	No_custom_HMM	No_custom_HMM	No_custom_HMM	2335	Pyrodigal_3.4.1	CDS	#07e9a2	tail length tape measure protein	tail	None	None	None	None	None	None	None	None	None	None	None	None	None	None	None	None	None	None	None	11
POLZXXJO_CDS_0078	88	2	-	NODE_16_length_532_cov_0.750617	16.8	3946	56.0	0.948	9.711e-14	p21773 VI_07170	3946	55.509846	7.926540442753052e-15	No_custom_HMM	No_custom_HMM	No_custom_HMM	3946	Pyrodigal_3.4.1	CDS	#c9c9c9	hypothetical protein	unknown function	None	None	None	None	None	None	None	None	None	None	None	None	None	None	None	None	None	None	None	11
POLZXXJO_CDS_0079	526	239	-	NODE_17_length_527_cov_2.275000	25.3	214	65.0	0.458	3.191e-16	p237890 VI_11178	214	108.69416	5.765151003569983e-31	No_custom_HMM	No_custom_HMM	No_custom_HMM	214	Pyrodigal_3.4.1	CDS	#f35f49	Rz-like spanin	lysis	None	None	None	None	None	None	None	None	None	None	None	None	None	None	None	None	None	None	None	11
POLZXXJO_CDS_0080	491	3	-	NODE_18_length_492_cov_1.813699	56.8	22632	121.0	0.931	9.804e-34	p318195 VI_07094	283	132.314697	5.450860379588837e-38	No_custom_HMM	No_custom_HMM	No_custom_HMM	22632	Pyrodigal_3.4.1	CDS	#3e83f6	head protein	head and packaging	None	None	None	None	None	None	None	None	None	None	None	None	None	None	None	None	None	None	None	11
POLZXXJO_CDS_0081	134	3	-	NODE_19_length_473_cov_1.497110	15.0	35	48.0	0.593	8.546e-11	p323300 VI_10199	35	52.335155	1.377509303088435e-13	No_custom_HMM	No_custom_HMM	No_custom_HMM	35	Pyrodigal_3.4.1	CDS	#a861e3	transcriptional repressor	transcription regulation	None	None	None	None	None	None	None	None	None	None	None	None	None	None	None	None	None	None	None	11
POLZXXJO_CDS_0082	245	472	+	NODE_19_length_473_cov_1.497110	22.6	2328	59.0	0.465	8.034e-14	MG099936_p34	4	72.800705	5.148352564866016e-20	No_custom_HMM	No_custom_HMM	No_custom_HMM	2328	Pyrodigal_3.4.1	CDS	#a861e3	transcriptional repressor	transcription regulation	None	None	None	None	None	None	None	None	None	None	None	None	None	None	None	None	None	None	None	11
POLZXXJO_CDS_0083	157	2	-	NODE_20_length_469_cov_1.102339	28.5	22632	128.0	1.0	6.693000000000001e-36	p318195 VI_07094	22632	102.973892	4.7665978236482717e-29	No_custom_HMM	No_custom_HMM	No_custom_HMM	22632	Pyrodigal_3.4.1	CDS	#3e83f6	head protein	head and packaging	None	None	None	None	None	None	None	None	None	None	None	None	None	None	None	None	None	None	None	11
POLZXXJO_CDS_0084	468	157	-	NODE_20_length_469_cov_1.102339	27.6	648	152.0	0.719	4.806e-43	p262506 VI_12167	648	126.99382	2.1067531430850835e-36	No_custom_HMM	No_custom_HMM	No_custom_HMM	648	Pyrodigal_3.4.1	CDS	#3e83f6	head scaffolding protein	head and packaging	None	None	None	None	None	None	None	None	None	None	None	None	None	None	None	None	None	None	None	11
POLZXXJO_CDS_0085	379	438	+	NODE_21_length_440_cov_1.143770	13.2	8498	38.0	0.983	7.489e-06	p301853 VI_01621	No_PHROGs_HMM	No_PHROGs_HMM	No_PHROGs_HMM	No_custom_HMM	No_custom_HMM	No_custom_HMM	8498	Pyrodigal_3.4.1	CDS	#c9c9c9	hypothetical protein	unknown function	None	None	None	None	None	None	None	None	None	None	None	None	None	None	None	None	None	None	None	11
POLZXXJO_CDS_0086	2	172	+	NODE_22_length_439_cov_1.067308	10.6	10087	133.0	1.0	9.508000000000001e-36	NC_025442_p71	10087	112.443604	5.109134757667221e-32	No_custom_HMM	No_custom_HMM	No_custom_HMM	10087	Pyrodigal_3.4.1	CDS	#c9c9c9	hypothetical protein	unknown function	None	None	None	None	None	None	None	None	None	None	None	None	None	None	None	None	None	None	None	11
POLZXXJO_CDS_0087	184	438	+	NODE_22_length_439_cov_1.067308	12.8	3786	157.0	0.877	1.221e-48	KR296689_p88	3786	135.031723	1.336301112880119e-39	No_custom_HMM	No_custom_HMM	No_custom_HMM	3786	Pyrodigal_3.4.1	CDS	#c9c9c9	hypothetical protein	unknown function	None	None	None	None	None	None	None	None	None	None	None	None	None	None	None	None	None	None	None	11
POLZXXJO_CDS_0088	3	128	+	NODE_23_length_128_cov_53.000000	4.2	No_PHROG	No_PHROG	No_PHROG	No_PHROG	No_PHROG	No_PHROGs_HMM	No_PHROGs_HMM	No_PHROGs_HMM	No_custom_HMM	No_custom_HMM	No_custom_HMM	No_PHROG	Pyrodigal_3.4.1	CDS	None	hypothetical protein	unknown function	None	None	None	None	None	None	None	None	None	None	None	None	None	None	None	None	None	None	None	11
